{
    "accuracy": [
        0.7262499928474426,
        0.7556250095367432,
        0.7887499928474426,
        0.800000011920929,
        0.8183333277702332,
        0.8210416436195374,
        0.8358333110809326,
        0.8420833349227905,
        0.8506249785423279,
        0.8518750071525574,
        0.8602083325386047,
        0.856249988079071,
        0.8691666722297668,
        0.85958331823349,
        0.8620833158493042,
        0.8618749976158142,
        0.8702083230018616
    ],
    "loss": [
        0.8066651821136475,
        0.7290991544723511,
        0.6479505300521851,
        0.6041020154953003,
        0.5558509230613708,
        0.5394134521484375,
        0.5019984841346741,
        0.4805743992328644,
        0.45897558331489563,
        0.4463787376880646,
        0.4343836009502411,
        0.4247182309627533,
        0.4120451509952545,
        0.4114433228969574,
        0.4117833375930786,
        0.41685280203819275,
        0.39763501286506653
    ],
    "val_accuracy": [
        0.7866666913032532,
        0.7975000143051147,
        0.8141666650772095,
        0.8316666483879089,
        0.8299999833106995,
        0.8416666388511658,
        0.8483333587646484,
        0.8550000190734863,
        0.8533333539962769,
        0.8633333444595337,
        0.8650000095367432,
        0.875,
        0.8741666674613953,
        0.875,
        0.8766666650772095,
        0.8774999976158142,
        0.8774999976158142
    ],
    "val_loss": [
        0.7074964642524719,
        0.6497040390968323,
        0.5973448753356934,
        0.5494539737701416,
        0.5345935821533203,
        0.5086607336997986,
        0.48347413539886475,
        0.4681546092033386,
        0.44942447543144226,
        0.4375976026058197,
        0.42335882782936096,
        0.4081663489341736,
        0.41020476818084717,
        0.4088907241821289,
        0.4082261919975281,
        0.40772324800491333,
        0.40773388743400574
    ],
    "learning_rate": [
        9.999999747378752e-05,
        9.999999747378752e-05,
        9.999999747378752e-05,
        9.999999747378752e-05,
        9.999999747378752e-05,
        9.999999747378752e-05,
        9.999999747378752e-05,
        9.999999747378752e-05,
        9.999999747378752e-05,
        9.999999747378752e-05,
        9.999999747378752e-05,
        9.999999747378752e-05,
        9.999999747378752e-06,
        9.999999747378752e-06,
        4.999999873689376e-06,
        4.999999873689376e-06,
        4.999999873689376e-06
    ]
}